{
 "iters": [
  {
   "iter": 0,
   "train": 0.8283237336390493,
   "val": 0.7839621077577651
  },
  {
   "iter": 1,
   "train": 0.840096234228901,
   "val": 0.8232316446461082
  }
 ],
 "overfit_iters": [],
 "best_by_val": {
  "iter": 1,
  "train": 0.840096234228901,
  "val": 0.8232316446461082
 },
 "best_by_train": {
  "iter": 1,
  "train": 0.840096234228901,
  "val": 0.8232316446461082
 }
}