{
 "train": [
  {
   "iter": 0,
   "combined_score": 0.8283237336390493
  },
  {
   "iter": 1,
   "combined_score": 0.840096234228901
  }
 ],
 "val": [
  {
   "iter": 0,
   "combined_score": 0.7839621077577651
  },
  {
   "iter": 1,
   "combined_score": 0.8232316446461082
  }
 ]
}