{
 "iters": [
  {
   "iter": 0,
   "train": 0.842304,
   "val": 0.775926
  },
  {
   "iter": 1,
   "train": 0.8230605998628665,
   "val": 0.8021586013559431
  }
 ],
 "overfit_iters": [],
 "best_by_val": {
  "iter": 1,
  "train": 0.8230605998628665,
  "val": 0.8021586013559431
 },
 "best_by_train": {
  "iter": 0,
  "train": 0.842304,
  "val": 0.775926
 }
}